Original duration,Reconstructed duration,Duration difference
40.76408163265306,40.762630385487526,0.0014512471655336
46.50231292517007,46.49795918367347,0.0043537414965939
37.35945578231293,37.34929705215419,0.0101587301587358
60.12952380952381,60.12807256235828,0.0014512471655336
33.78072562358277,33.77342403628118,0.0073015873015904
56.66394557823129,56.65668934240363,0.0072562358276613
51.12603174603175,51.11873015873016,0.0073015873015904
61.95083900226757,61.95083900226757,0.0
45.33551020408163,45.3253514739229,0.0101587301587287
38.405850340136055,38.40580498866213,4.535147392203953e-05
44.44303854875283,44.44299319727891,4.535147392203953e-05
45.200589569161,45.19764172335601,0.0029478458049894
43.83927437641724,43.83927437641724,0.0
46.25414965986395,46.25414965986395,0.0
44.39659863945578,44.39655328798186,4.535147392203953e-05
44.48947845804989,44.489433106575966,4.535147392203953e-05
42.51863945578231,42.515736961451246,0.0029024943310673
62.64743764172336,62.64743764172336,0.0
53.82390022675737,53.823854875283445,4.535147392203953e-05
44.39079365079365,44.3849433106576,0.0058503401360567
39.01387755102041,39.00952380952381,0.0043537414965939
50.8865306122449,50.8865306122449,0.0
51.33496598639456,51.327709750566896,0.0072562358276613
39.93832199546485,39.93832199546485,0.0
41.01229024943311,41.00643990929705,0.0058503401360567
50.412018140589566,50.41052154195011,0.0014965986394557
54.52045351473923,54.52045351473923,0.0
42.70154195011338,42.70149659863946,4.535147392203953e-05
43.23560090702948,43.23555555555556,4.535147392203953e-05
51.73410430839002,51.7340589569161,4.535147392203953e-05
46.71859410430839,46.71854875283447,4.535147392203953e-05
49.75895691609977,49.74875283446712,0.0102040816326507
34.412018140589566,34.411972789115644,4.535147392203953e-05
44.83922902494331,44.83773242630385,0.0014965986394557
53.68458049886621,53.68453514739229,4.535147392203953e-05
44.69990929705215,44.698412698412696,0.0014965986394557
39.69310657596372,39.68290249433107,0.0102040816326507
42.73201814058957,42.72471655328798,0.0073015873015833
48.04358276643991,48.042086167800456,0.0014965986394557
56.5174149659864,56.51736961451248,4.535147392203953e-05
67.70938775510204,67.70938775510204,0.0
36.45532879818594,36.45532879818594,0.0
43.37487528344671,43.37487528344671,0.0
45.04671201814059,45.04671201814059,0.0
41.95700680272109,41.94684807256236,0.0101587301587287
44.4778231292517,44.4778231292517,0.0
37.046031746031744,37.03582766439909,0.0102040816326507
47.93469387755102,47.92598639455783,0.008707482993195
47.275827664399095,47.275827664399095,0.0
51.19133786848072,51.18839002267574,0.0029478458049823
43.81170068027211,43.80444444444444,0.0072562358276684
40.85596371882086,40.85551020408163,0.0004535147392275
39.28820861678005,39.288163265306125,4.535147392203953e-05
44.503945578231296,44.50104308390023,0.0029024943310673
51.17678004535147,51.17678004535147,0.0
45.30072562358277,45.29052154195011,0.0102040816326507
45.48789115646259,45.48789115646259,0.0
44.11795918367347,44.11791383219955,4.535147392203953e-05
32.19596371882086,32.19446712018141,0.0014965986394557
56.93532879818594,56.93532879818594,0.0
48.63133786848073,48.6225850340136,0.0087528344671241
48.11179138321995,48.11174603174603,4.535147392203953e-05
53.781768707483,53.7774149659864,0.004353741496601
43.95977324263038,43.95537414965986,0.0043990929705231
40.77428571428572,40.77424036281179,4.535147392914496e-05
59.51133786848072,59.50113378684807,0.0102040816326507
51.9184126984127,51.90820861678005,0.0102040816326578
41.98172335600907,41.98167800453515,4.535147392203953e-05
46.43995464852608,46.43990929705216,4.535147392203953e-05
38.22009070294784,38.22004535147392,4.535147392203953e-05
49.48462585034014,49.48172335600907,0.0029024943310673
38.2665306122449,38.26648526077098,4.535147392203953e-05
38.4697052154195,38.463854875283445,0.0058503401360567
47.275827664399095,47.275827664399095,0.0
46.13229024943311,46.126439909297055,0.0058503401360496
53.91678004535147,53.91673469387755,4.535147392203953e-05
60.279002267573695,60.279002267573695,0.0
47.4615873015873,47.4615873015873,0.0
34.27265306122449,34.27265306122449,0.0
48.50072562358277,48.49487528344671,0.0058503401360567
35.905351473922906,35.898049886621315,0.0073015873015904
34.542585034013605,34.53968253968254,0.0029024943310673
51.87337868480726,51.87337868480726,0.0
43.31977324263038,43.316825396825394,0.0029478458049894
47.47319727891156,47.47319727891156,0.0
42.479455782312925,42.4692970521542,0.0101587301587287
68.2667120181406,68.26666666666667,4.535147392914496e-05
49.98095238095238,49.98095238095238,0.0
47.46013605442177,47.44997732426304,0.0101587301587287
38.54371882086168,38.53351473922903,0.0102040816326507
40.47678004535148,40.47238095238095,0.0043990929705231
34.62095238095238,34.62095238095238,0.0
43.57229024943311,43.57224489795918,4.535147392914496e-05
68.24489795918367,68.24344671201814,0.0014512471655336
49.70231292517007,49.70231292517007,0.0
55.30784580498866,55.29832199546485,0.0095238095238059
37.72521541950113,37.72081632653061,0.0043990929705231
39.2,39.19528344671202,0.0047165532879844
40.80766439909297,40.79746031746032,0.0102040816326507
49.96934240362812,49.96934240362812,0.0
38.89201814058957,38.88181405895691,0.0102040816326578
43.37487528344671,43.37487528344671,0.0
44.39659863945578,44.39655328798186,4.535147392203953e-05
56.02394557823129,56.01814058956917,0.0058049886621276
45.33551020408163,45.3253514739229,0.0101587301587287
40.42884353741496,40.4259410430839,0.0029024943310602
41.145759637188206,41.145759637188206,0.0
56.65668934240363,56.65668934240363,0.0
41.145759637188206,41.145759637188206,0.0
47.33387755102041,47.33387755102041,0.0
65.93310657596372,65.93306122448979,4.535147392914496e-05
51.687664399092974,51.68761904761904,4.535147392914496e-05
44.1556462585034,44.152743764172335,0.0029024943310673
36.8853514739229,36.88489795918368,0.0004535147392275
38.91664399092971,38.91664399092971,0.0
49.31922902494331,49.31918367346939,4.535147392203953e-05
40.29002267573696,40.28662131519275,0.0034013605442169
33.541269841269845,33.54122448979592,4.535147392914496e-05
39.53201814058957,39.53197278911565,4.535147392203953e-05
44.210839002267576,44.21079365079365,4.535147392203953e-05
55.54938775510204,55.54213151927438,0.0072562358276613
39.93832199546485,39.93832199546485,0.0
45.46616780045351,45.464671201814056,0.0014965986394557
43.245714285714286,43.23555555555556,0.0101587301587287
65.25387755102041,65.24807256235827,0.0058049886621347
38.359410430839006,38.35936507936508,4.535147392914496e-05
45.88408163265306,45.88263038548753,0.0014512471655336
35.03460317460318,35.02730158730159,0.0073015873015904
46.91832199546485,46.91591836734694,0.0024036281179107
41.75596371882086,41.749478458049886,0.0064852607709724
63.28603174603175,63.285986394557824,4.535147392203953e-05
42.27052154195011,42.26031746031746,0.0102040816326507
52.41034013605442,52.40743764172336,0.0029024943310673
37.63950113378685,37.62793650793651,0.0115646258503403
43.27183673469388,43.27038548752834,0.0014512471655336
37.66739229024943,37.6627664399093,0.0046258503401332
46.99718820861678,46.99718820861678,0.0
60.55619047619047,60.546031746031744,0.0101587301587287
48.0,47.9956462585034,0.004353741496601
32.18290249433107,32.182857142857145,4.535147392203953e-05
54.148979591836735,54.14893424036281,4.535147392203953e-05
45.30072562358277,45.29052154195011,0.0102040816326507
46.75922902494331,46.75337868480726,0.0058503401360496
46.62571428571429,46.625668934240366,4.535147392203953e-05
35.97496598639456,35.9677097505669,0.0072562358276613
41.29959183673469,41.29668934240363,0.0029024943310602
42.93750566893424,42.93369614512471,0.0038095238095294
54.03863945578231,54.03283446712018,0.0058049886621276
40.006530612244894,39.996371882086166,0.0101587301587287
45.04671201814059,45.04671201814059,0.0
36.23183673469388,36.22312925170068,0.008707482993195
38.30857142857143,38.301315192743765,0.0072562358276613
39.659727891156464,39.65968253968254,4.535147392203953e-05
51.362585034013605,51.36253968253968,4.535147392203953e-05
44.83482993197279,44.82612244897959,0.0087074829932021
32.265578231292515,32.26412698412698,0.0014512471655336
43.83927437641724,43.83927437641724,0.0
38.15183673469388,38.15038548752835,0.0014512471655336
43.502585034013606,43.502585034013606,0.0
49.54145124716553,49.53977324263039,0.0016780045351438
54.89201814058957,54.89197278911565,4.535147392203953e-05
52.74126984126984,52.73251700680272,0.008752834467117
37.1897052154195,37.18675736961451,0.0029478458049894
40.89469387755102,40.89034013605442,0.004353741496601
39.01387755102041,39.00952380952381,0.0043537414965939
38.204081632653065,38.1968253968254,0.0072562358276684
40.58852607709751,40.58848072562358,4.535147392203953e-05
35.896643990929704,35.88643990929705,0.0102040816326507
46.21945578231293,46.219319727891154,0.0001360544217732
39.72358276643991,39.717732426303854,0.0058503401360567
40.86716553287982,40.867120181405895,4.535147392203953e-05
47.325215419501134,47.32226757369615,0.0029478458049894
59.33283446712018,59.32698412698413,0.0058503401360496
53.22013605442177,53.22013605442177,0.0
62.06362811791383,62.05532879818594,0.0082993197278895
120.68571428571428,120.68571428571428,0.0
17.4702947845805,17.46140589569161,0.0088888888888902
16.99206349206349,16.985396825396826,0.0066666666666641
17.076190476190476,17.066666666666666,0.0095238095238094
14.356190476190475,14.349931972789117,0.0062585034013622
17.799455782312926,17.79809523809524,0.001360544217686
18.868163265306123,18.86621315192744,0.0019501133786867
17.91265306122449,17.902585034013605,0.0100680272108846
19.34684807256236,19.342222222222222,0.0046258503401368
16.747437641723355,16.741587301587302,0.0058503401360532
17.3584126984127,17.356916099773244,0.0014965986394557
14.4784126984127,14.477641723356008,0.0007709750566906
19.51628117913832,19.504761904761907,0.0115192743764147
15.91909297052154,15.917278911564626,0.0018140589569153
19.31628117913832,19.30739229024943,0.0088888888888902
13.236689342403627,13.235374149659863,0.001315192743764
17.40825396825397,17.403356009070293,0.0048979591836761
18.30585034013605,18.297324263038547,0.0085260770975068
12.598004535147393,12.596825396825396,0.0011791383219961
17.73795918367347,17.728435374149658,0.009523809523813
18.69696145124717,18.692063492063493,0.0048979591836726
16.070204081632653,16.068208616780044,0.0019954648526088
16.867709750566892,16.857687074829933,0.010022675736959
20.60453514739229,20.59609977324263,0.0084353741496592
12.925260770975056,12.92190476190476,0.0033560090702948
20.229750566893426,20.224580498866214,0.0051700680272119
17.591836734693878,17.589115646258502,0.0027210884353756
11.18,11.168798185941045,0.0112018140589569
15.18625850340136,15.185850340136057,0.0004081632653054
13.645079365079363,13.64172335600907,0.0033560090702948
16.45482993197279,16.451337868480724,0.0034920634920645
20.83433106575964,20.82829931972789,0.0060317460317484
22.36294784580499,22.36081632653061,0.0021315192743749
23.10621315192744,23.10385487528345,0.0023582766439922
15.290068027210884,15.27873015873016,0.0113378684807248
18.65746031746032,18.657233560090702,0.0002267573696137
34.01215419501134,34.00562358276644,0.0065306122449015
20.06108843537415,20.050430839002267,0.0106575963718817
14.796190476190477,14.79111111111111,0.0050793650793661
16.47034013605442,16.46294784580499,0.0073922902494309
20.271655328798182,20.271020408163267,0.0006349206349192
22.37396825396825,22.37242630385488,0.0015419501133777
19.2237641723356,19.21451247165533,0.0092517006802701
13.971519274376416,13.966802721088436,0.0047165532879827
23.313605442176872,23.312834467120183,0.0007709750566888
17.26875283446712,17.264036281179138,0.0047165532879809
11.167256235827663,11.15718820861678,0.0100680272108846
12.1637641723356,12.1556462585034,0.0081179138321996
16.330385487528346,16.32362811791383,0.0067573696145153
18.19619047619048,18.192834467120186,0.0033560090702948
19.15201814058957,19.14485260770975,0.0071655328798172
15.129206349206347,15.12780045351474,0.0014058956916098
26.137732426303856,26.1340589569161,0.0036734693877562
25.13383219954649,25.12399092970521,0.0098412698412708
20.60675736961452,20.59609977324263,0.0106575963718817
15.577777777777778,15.568979591836737,0.0087981859410426
23.63922902494331,23.637913832199548,0.001315192743764
17.284126984126985,17.2756462585034,0.0084807256235848
18.959138321995464,18.959092970521542,4.535147392203953e-05
18.361451247165533,18.355374149659863,0.0060770975056705
15.462630385487529,15.452879818594104,0.009750566893425
20.95746031746032,20.956009070294783,0.0014512471655336
15.830975056689342,15.824399092970522,0.00657596371882
14.99283446712018,14.988480725623583,0.0043537414965975
20.537142857142857,20.526439909297054,0.0107029478458038
21.36172335600907,21.35074829931973,0.0109750566893396
14.32126984126984,14.315102040816326,0.0061678004535146
14.215328798185942,14.21061224489796,0.0047165532879827
12.27750566893424,12.271746031746032,0.0057596371882091
13.206077097505668,13.200544217687074,0.0055328798185936
24.56045351473923,24.55510204081633,0.0053514739229036
17.955328798185942,17.949024943310658,0.0063038548752842
17.030022675736962,17.020226757369613,0.0097959183673488
13.841950113378685,13.83909297052154,0.0028571428571435
18.57891156462585,18.575963718820866,0.0029478458049894
27.923945578231294,27.921995464852607,0.0019501133786867
21.54140589569161,21.53650793650793,0.0048979591836726
14.422585034013606,14.419591836734694,0.0029931972789114
14.206712018140587,14.199002267573697,0.0077097505668923
45.26104308390023,45.255691609977326,0.0053514739229001
23.04952380952381,23.04580498866213,0.0037188208616782
16.968979591836735,16.962176870748298,0.0068027210884373
20.034149659863942,20.027210884353742,0.0069387755102034
20.99650793650793,20.99083900226757,0.0056689342403615
19.76770975056689,19.760181405895693,0.0075283446712006
18.353378684807257,18.3437641723356,0.0096145124716571
13.934013605442177,13.931972789115646,0.0020408163265308
10.34639455782313,10.344489795918369,0.0019047619047629
18.13183673469388,18.123174603174604,0.0086621315192729
12.54408163265306,12.53877551020408,0.0053061224489798
15.129886621315192,15.12780045351474,0.0020861678004528
12.99532879818594,12.99156462585034,0.0037641723356003
14.741133786848073,14.733061224489797,0.0080725623582758
14.03310657596372,14.02485260770975,0.0082539682539692
37.33591836734694,37.32607709750567,0.0098412698412744
17.287845804988663,17.287256235827666,0.0005895691609971
14.654875283446712,14.651791383219956,0.0030839002267573
16.40907029478458,16.404897959183675,0.0041723356009057
14.225714285714286,14.22222222222222,0.0034920634920645
14.22312925170068,14.22222222222222,0.0009070294784585
26.35560090702948,26.354648526077096,0.0009523809523841
