stage5c_filename,status,error
DE_HC_001.wav,success,
DE_HC_002.wav,success,
DE_HC_003.wav,success,
DE_HC_004.wav,success,
DE_HC_005.wav,success,
DE_HC_006.wav,success,
DE_HC_007.wav,success,
DE_HC_008.wav,success,
DE_HC_009.wav,success,
DE_HC_010.wav,success,
DE_HC_011.wav,success,
DE_HC_012.wav,success,
DE_HC_013.wav,success,
DE_HC_014.wav,success,
DE_HC_015.wav,success,
DE_HC_016.wav,success,
DE_HC_017.wav,success,
DE_HC_018.wav,success,
DE_HC_019.wav,success,
DE_HC_020.wav,success,
DE_HC_021.wav,success,
DE_HC_022.wav,success,
DE_HC_023.wav,success,
DE_HC_024.wav,success,
DE_HC_025.wav,success,
DE_HC_026.wav,success,
DE_HC_027.wav,success,
DE_HC_028.wav,success,
DE_HC_029.wav,success,
DE_HC_030.wav,success,
DE_HC_031.wav,success,
DE_HC_032.wav,success,
DE_HC_033.wav,success,
DE_HC_034.wav,success,
DE_HC_035.wav,success,
DE_HC_036.wav,success,
DE_HC_037.wav,success,
DE_HC_038.wav,success,
DE_HC_039.wav,success,
DE_HC_040.wav,success,
DE_HC_041.wav,success,
DE_HC_042.wav,success,
DE_HC_043.wav,success,
DE_HC_044.wav,success,
DE_HC_045.wav,success,
DE_HC_046.wav,success,
DE_HC_047.wav,success,
DE_HC_048.wav,success,
DE_HC_049.wav,success,
DE_HC_050.wav,success,
DE_HC_051.wav,success,
DE_HC_052.wav,success,
DE_HC_053.wav,success,
DE_HC_054.wav,success,
DE_HC_055.wav,success,
DE_HC_056.wav,success,
DE_HC_057.wav,success,
DE_HC_058.wav,success,
DE_HC_059.wav,success,
DE_HC_060.wav,success,
DE_HC_061.wav,success,
DE_HC_062.wav,success,
DE_HC_063.wav,success,
DE_HC_064.wav,success,
DE_HC_065.wav,success,
DE_HC_066.wav,success,
DE_HC_067.wav,success,
DE_HC_068.wav,success,
DE_HC_069.wav,success,
DE_HC_070.wav,success,
DE_HC_071.wav,success,
DE_HC_072.wav,success,
DE_HC_073.wav,success,
DE_HC_074.wav,success,
DE_HC_075.wav,success,
DE_HC_076.wav,success,
DE_HC_077.wav,success,
DE_HC_078.wav,success,
DE_HC_079.wav,success,
DE_HC_080.wav,success,
DE_HC_081.wav,success,
DE_HC_082.wav,success,
DE_HC_083.wav,success,
DE_HC_084.wav,success,
DE_HC_085.wav,success,
DE_HC_086.wav,success,
DE_HC_087.wav,success,
DE_HC_088.wav,success,
DE_PD_001.wav,success,
DE_PD_002.wav,success,
DE_PD_003.wav,success,
DE_PD_004.wav,success,
DE_PD_005.wav,success,
DE_PD_006.wav,success,
DE_PD_007.wav,success,
DE_PD_008.wav,success,
DE_PD_009.wav,success,
DE_PD_010.wav,success,
DE_PD_011.wav,success,
DE_PD_012.wav,success,
DE_PD_013.wav,success,
DE_PD_014.wav,success,
DE_PD_015.wav,success,
DE_PD_016.wav,success,
DE_PD_017.wav,success,
DE_PD_018.wav,success,
DE_PD_019.wav,success,
DE_PD_020.wav,success,
DE_PD_021.wav,success,
DE_PD_022.wav,success,
DE_PD_023.wav,success,
DE_PD_024.wav,success,
DE_PD_025.wav,success,
DE_PD_026.wav,success,
DE_PD_027.wav,success,
DE_PD_028.wav,success,
DE_PD_029.wav,success,
DE_PD_030.wav,success,
DE_PD_031.wav,success,
DE_PD_032.wav,success,
DE_PD_033.wav,success,
DE_PD_034.wav,success,
DE_PD_035.wav,success,
DE_PD_036.wav,success,
DE_PD_037.wav,success,
DE_PD_038.wav,success,
DE_PD_039.wav,success,
DE_PD_040.wav,success,
DE_PD_041.wav,success,
DE_PD_042.wav,success,
DE_PD_043.wav,success,
DE_PD_044.wav,success,
DE_PD_045.wav,success,
DE_PD_046.wav,success,
DE_PD_047.wav,success,
DE_PD_048.wav,success,
DE_PD_049.wav,success,
DE_PD_050.wav,success,
DE_PD_051.wav,success,
DE_PD_052.wav,success,
DE_PD_053.wav,success,
DE_PD_054.wav,success,
DE_PD_055.wav,success,
DE_PD_056.wav,success,
DE_PD_057.wav,success,
DE_PD_058.wav,success,
DE_PD_059.wav,success,
DE_PD_060.wav,success,
DE_PD_061.wav,success,
DE_PD_062.wav,success,
DE_PD_063.wav,success,
DE_PD_064.wav,success,
DE_PD_065.wav,success,
DE_PD_066.wav,success,
DE_PD_067.wav,success,
DE_PD_068.wav,success,
DE_PD_069.wav,success,
DE_PD_070.wav,success,
DE_PD_071.wav,success,
DE_PD_072.wav,success,
DE_PD_073.wav,success,
DE_PD_074.wav,success,
DE_PD_075.wav,success,
DE_PD_076.wav,success,
DE_PD_077.wav,success,
DE_PD_078.wav,success,
DE_PD_079.wav,success,
DE_PD_080.wav,success,
DE_PD_081.wav,success,
DE_PD_082.wav,success,
DE_PD_083.wav,success,
DE_PD_084.wav,success,
DE_PD_085.wav,success,
DE_PD_086.wav,success,
DE_PD_087.wav,success,
DE_PD_088.wav,success,
SP_HC_001.wav,success,
SP_HC_002.wav,success,
SP_HC_003.wav,success,
SP_HC_004.wav,success,
SP_HC_005.wav,success,
SP_HC_006.wav,success,
SP_HC_007.wav,success,
SP_HC_008.wav,success,
SP_HC_009.wav,success,
SP_HC_010.wav,success,
SP_HC_011.wav,success,
SP_HC_012.wav,success,
SP_HC_013.wav,success,
SP_HC_014.wav,success,
SP_HC_015.wav,success,
SP_HC_016.wav,success,
SP_HC_017.wav,success,
SP_HC_018.wav,success,
SP_HC_019.wav,success,
SP_HC_020.wav,success,
SP_HC_021.wav,success,
SP_HC_022.wav,success,
SP_HC_023.wav,success,
SP_HC_024.wav,success,
SP_HC_025.wav,success,
SP_HC_026.wav,success,
SP_HC_027.wav,success,
SP_HC_028.wav,success,
SP_HC_029.wav,success,
SP_HC_030.wav,success,
SP_HC_031.wav,success,
SP_HC_032.wav,success,
SP_HC_033.wav,success,
SP_HC_034.wav,success,
SP_HC_035.wav,success,
SP_HC_036.wav,success,
SP_HC_037.wav,success,
SP_HC_038.wav,success,
SP_HC_039.wav,success,
SP_HC_040.wav,success,
SP_HC_041.wav,success,
SP_HC_042.wav,success,
SP_HC_043.wav,success,
SP_HC_044.wav,success,
SP_HC_045.wav,success,
SP_HC_046.wav,success,
SP_HC_047.wav,success,
SP_HC_048.wav,success,
SP_HC_049.wav,success,
SP_HC_050.wav,success,
SP_PD_001.wav,success,
SP_PD_002.wav,success,
SP_PD_003.wav,success,
SP_PD_004.wav,success,
SP_PD_005.wav,success,
SP_PD_006.wav,success,
SP_PD_007.wav,success,
SP_PD_008.wav,success,
SP_PD_009.wav,success,
SP_PD_010.wav,success,
SP_PD_011.wav,success,
SP_PD_012.wav,success,
SP_PD_013.wav,success,
SP_PD_014.wav,success,
SP_PD_015.wav,success,
SP_PD_016.wav,success,
SP_PD_017.wav,success,
SP_PD_018.wav,success,
SP_PD_019.wav,success,
SP_PD_020.wav,success,
SP_PD_021.wav,success,
SP_PD_022.wav,success,
SP_PD_023.wav,success,
SP_PD_024.wav,success,
SP_PD_025.wav,success,
SP_PD_026.wav,success,
SP_PD_027.wav,success,
SP_PD_028.wav,success,
SP_PD_029.wav,success,
SP_PD_030.wav,success,
SP_PD_031.wav,success,
SP_PD_032.wav,success,
SP_PD_033.wav,success,
SP_PD_034.wav,success,
SP_PD_035.wav,success,
SP_PD_036.wav,success,
SP_PD_037.wav,success,
SP_PD_038.wav,success,
SP_PD_039.wav,success,
SP_PD_040.wav,success,
SP_PD_041.wav,success,
SP_PD_042.wav,success,
SP_PD_043.wav,success,
SP_PD_044.wav,success,
SP_PD_045.wav,success,
SP_PD_046.wav,success,
SP_PD_047.wav,success,
SP_PD_048.wav,success,
SP_PD_049.wav,success,
SP_PD_050.wav,success,
