evaluation_model,evaluation_layer,scenario,classifier,uar_original,uar_converted,uar_delta,accuracy_original,accuracy_converted,accuracy_delta,sensitivity_original,sensitivity_converted,specificity_original,specificity_converted,auc_original,auc_converted
xlsr,0,German->Spanish,linear_svm,0.6,0.5900000000000001,-0.009999999999999898,0.6,0.59,-0.010000000000000009,0.72,0.92,0.48,0.26,0.6954,0.5948000000000001
xlsr,0,German->Spanish,logistic_regression,0.6000000000000001,0.55,-0.050000000000000044,0.6,0.55,-0.04999999999999993,0.68,0.8,0.52,0.3,0.6668000000000001,0.5908
xlsr,0,Spanish->German,linear_svm,0.5568181818181819,0.5170454545454546,-0.03977272727272729,0.5568181818181818,0.5170454545454546,-0.03977272727272718,0.23863636363636365,0.29545454545454547,0.875,0.7386363636363636,0.6455320247933884,0.5278925619834711
xlsr,0,Spanish->German,logistic_regression,0.5625,0.5397727272727273,-0.022727272727272707,0.5625,0.5397727272727273,-0.022727272727272707,0.25,0.5795454545454546,0.875,0.5,0.67161673553719,0.5424845041322314
xlsr,0,Spanish->Spanish,linear_svm,0.77,0.835,0.06499999999999995,0.77,0.835,0.06499999999999995,0.76,0.81,0.78,0.86,0.8435999999999999,0.8959499999999999
xlsr,0,Spanish->Spanish,logistic_regression,0.79,0.79,0.0,0.79,0.79,0.0,0.78,0.75,0.8,0.83,0.8583999999999999,0.9011
xlsr,0,German->German,linear_svm,0.6988636363636364,0.7869318181818181,0.08806818181818177,0.6988636363636364,0.7869318181818182,0.08806818181818188,0.7159090909090909,0.8011363636363636,0.6818181818181818,0.7727272727272727,0.7509684917355371,0.8514656508264463
xlsr,0,German->German,logistic_regression,0.7272727272727273,0.78125,0.05397727272727271,0.7272727272727273,0.78125,0.05397727272727271,0.7272727272727273,0.7954545454545454,0.7272727272727273,0.7670454545454546,0.7515495867768595,0.8501420454545454
xlsr,0,Combined->Combined,linear_svm,0.717391304347826,0.7681159420289855,0.050724637681159424,0.717391304347826,0.7681159420289855,0.050724637681159424,0.7391304347826086,0.7681159420289855,0.6956521739130435,0.7681159420289855,0.8005671077504726,0.8344622978365889
xlsr,0,Combined->Combined,logistic_regression,0.7644927536231885,0.7626811594202898,-0.0018115942028986698,0.7644927536231884,0.7626811594202898,-0.0018115942028985588,0.7608695652173914,0.7608695652173914,0.7681159420289855,0.7644927536231884,0.7915353917244276,0.8368383742911154
xlsr,4,German->Spanish,linear_svm,0.62,0.64,0.020000000000000018,0.62,0.64,0.020000000000000018,0.24,0.4,1.0,0.88,0.7276,0.7104000000000001
xlsr,4,German->Spanish,logistic_regression,0.61,0.69,0.07999999999999996,0.61,0.69,0.07999999999999996,0.22,0.5,1.0,0.88,0.7604,0.7652
xlsr,4,Spanish->German,linear_svm,0.5511363636363636,0.5113636363636364,-0.03977272727272729,0.5511363636363636,0.5113636363636364,-0.03977272727272729,0.8636363636363636,1.0,0.23863636363636365,0.022727272727272728,0.6109245867768596,0.6172520661157024
xlsr,4,Spanish->German,logistic_regression,0.5340909090909091,0.5,-0.03409090909090906,0.5340909090909091,0.5,-0.03409090909090906,0.8522727272727273,0.9886363636363636,0.2159090909090909,0.011363636363636364,0.6372675619834711,0.6510847107438017
xlsr,4,Spanish->Spanish,linear_svm,0.84,0.885,0.04500000000000004,0.84,0.885,0.04500000000000004,0.86,0.87,0.82,0.9,0.9048,0.93965
xlsr,4,Spanish->Spanish,logistic_regression,0.88,0.88,0.0,0.88,0.88,0.0,0.88,0.86,0.88,0.9,0.9096,0.9315
xlsr,4,German->German,linear_svm,0.7159090909090908,0.8607954545454546,0.14488636363636376,0.7159090909090909,0.8607954545454546,0.14488636363636365,0.6818181818181818,0.8636363636363636,0.75,0.8579545454545454,0.7877066115702479,0.9077350206611571
xlsr,4,German->German,logistic_regression,0.7159090909090909,0.8323863636363636,0.11647727272727271,0.7159090909090909,0.8323863636363636,0.11647727272727271,0.7159090909090909,0.8295454545454546,0.7159090909090909,0.8352272727272727,0.7911931818181819,0.9049586776859503
xlsr,4,Combined->Combined,linear_svm,0.7608695652173914,0.8496376811594203,0.08876811594202894,0.7608695652173914,0.8496376811594203,0.08876811594202894,0.7753623188405797,0.8442028985507246,0.7463768115942029,0.855072463768116,0.8369827767275783,0.9222064692291535
xlsr,4,Combined->Combined,logistic_regression,0.7717391304347827,0.8460144927536233,0.07427536231884058,0.7717391304347826,0.8460144927536232,0.07427536231884058,0.782608695652174,0.8369565217391305,0.7608695652173914,0.855072463768116,0.8448855282503676,0.9226396765385423
xlsr,8,German->Spanish,linear_svm,0.53,0.56,0.030000000000000027,0.53,0.56,0.030000000000000027,0.28,0.26,0.78,0.86,0.6040000000000001,0.5923999999999999
xlsr,8,German->Spanish,logistic_regression,0.6699999999999999,0.66,-0.009999999999999898,0.67,0.66,-0.010000000000000009,0.72,0.52,0.62,0.8,0.7452,0.6928
xlsr,8,Spanish->German,linear_svm,0.5965909090909091,0.5738636363636364,-0.022727272727272707,0.5965909090909091,0.5738636363636364,-0.022727272727272707,0.42045454545454547,0.9090909090909091,0.7727272727272727,0.23863636363636365,0.6525051652892562,0.6496642561983471
xlsr,8,Spanish->German,logistic_regression,0.5965909090909091,0.625,0.02840909090909094,0.5965909090909091,0.625,0.02840909090909094,0.38636363636363635,0.7727272727272727,0.8068181818181818,0.4772727272727273,0.6763946280991736,0.6647727272727273
xlsr,8,Spanish->Spanish,linear_svm,0.8200000000000001,0.905,0.08499999999999996,0.82,0.905,0.08500000000000008,0.84,0.9,0.8,0.91,0.8732000000000001,0.9535
xlsr,8,Spanish->Spanish,logistic_regression,0.8400000000000001,0.875,0.03499999999999992,0.84,0.875,0.03500000000000003,0.8,0.82,0.88,0.93,0.8784,0.9451
xlsr,8,German->German,linear_svm,0.7897727272727273,0.8948863636363635,0.10511363636363624,0.7897727272727273,0.8948863636363636,0.10511363636363635,0.8068181818181818,0.9204545454545454,0.7727272727272727,0.8693181818181818,0.8239927685950413,0.936692923553719
xlsr,8,German->German,logistic_regression,0.7897727272727273,0.8664772727272727,0.07670454545454541,0.7897727272727273,0.8664772727272727,0.07670454545454541,0.7954545454545454,0.8693181818181818,0.7840909090909091,0.8636363636363636,0.8606663223140496,0.93359375
xlsr,8,Combined->Combined,linear_svm,0.7246376811594203,0.8677536231884058,0.14311594202898548,0.7246376811594203,0.8677536231884058,0.14311594202898548,0.7246376811594203,0.8659420289855072,0.7246376811594203,0.8695652173913043,0.8203371140516698,0.913923020373871
xlsr,8,Combined->Combined,logistic_regression,0.7608695652173914,0.8659420289855072,0.10507246376811585,0.7608695652173914,0.8659420289855072,0.10507246376811585,0.7608695652173914,0.8659420289855072,0.7608695652173914,0.8659420289855072,0.8554400336063852,0.9112843940348667
xlsr,11,German->Spanish,linear_svm,0.6000000000000001,0.5700000000000001,-0.030000000000000027,0.6,0.57,-0.030000000000000027,0.68,0.46,0.52,0.68,0.6328,0.5964
xlsr,11,German->Spanish,logistic_regression,0.66,0.7,0.039999999999999925,0.66,0.7,0.039999999999999925,0.88,0.66,0.44,0.74,0.7756000000000001,0.738
xlsr,11,Spanish->German,linear_svm,0.5909090909090909,0.6136363636363636,0.022727272727272707,0.5909090909090909,0.6136363636363636,0.022727272727272707,0.29545454545454547,0.6590909090909091,0.8863636363636364,0.5681818181818182,0.6856275826446281,0.6664514462809916
xlsr,11,Spanish->German,logistic_regression,0.5738636363636364,0.6477272727272727,0.07386363636363635,0.5738636363636364,0.6477272727272727,0.07386363636363635,0.23863636363636365,0.5568181818181818,0.9090909090909091,0.7386363636363636,0.7129390495867769,0.6853047520661156
xlsr,11,Spanish->Spanish,linear_svm,0.8,0.925,0.125,0.8,0.925,0.125,0.8,0.87,0.8,0.98,0.8755999999999999,0.9691000000000001
xlsr,11,Spanish->Spanish,logistic_regression,0.8300000000000001,0.8700000000000001,0.040000000000000036,0.83,0.87,0.040000000000000036,0.78,0.81,0.88,0.93,0.8852,0.9482
xlsr,11,German->German,linear_svm,0.7670454545454546,0.8948863636363636,0.12784090909090906,0.7670454545454546,0.8948863636363636,0.12784090909090906,0.7613636363636364,0.9034090909090909,0.7727272727272727,0.8863636363636364,0.8053977272727273,0.9269595816115702
xlsr,11,German->German,logistic_regression,0.7784090909090908,0.8778409090909091,0.09943181818181823,0.7784090909090909,0.8778409090909091,0.09943181818181812,0.7840909090909091,0.8693181818181818,0.7727272727272727,0.8863636363636364,0.8517561983471075,0.9299457644628099
xlsr,11,Combined->Combined,linear_svm,0.75,0.8405797101449275,0.0905797101449275,0.75,0.8405797101449275,0.0905797101449275,0.7681159420289855,0.8442028985507246,0.7318840579710145,0.8369565217391305,0.81196177273682,0.9032897500525099
xlsr,11,Combined->Combined,logistic_regression,0.7644927536231885,0.8478260869565217,0.08333333333333326,0.7644927536231884,0.8478260869565217,0.08333333333333337,0.7681159420289855,0.8478260869565217,0.7608695652173914,0.8478260869565217,0.8132745221592103,0.9072673808023524
wav2vec2,0,German->Spanish,linear_svm,0.56,0.47,-0.09000000000000008,0.56,0.47,-0.09000000000000008,0.68,0.6,0.44,0.34,0.616,0.4895999999999999
wav2vec2,0,German->Spanish,logistic_regression,0.59,0.56,-0.029999999999999916,0.59,0.56,-0.029999999999999916,0.6,0.62,0.58,0.5,0.6783999999999999,0.5811999999999999
wav2vec2,0,Spanish->German,linear_svm,0.6477272727272727,0.5795454545454546,-0.06818181818181812,0.6477272727272727,0.5795454545454546,-0.06818181818181812,0.5340909090909091,0.7045454545454546,0.7613636363636364,0.45454545454545453,0.7072572314049587,0.5916838842975207
wav2vec2,0,Spanish->German,logistic_regression,0.6193181818181819,0.5568181818181818,-0.06250000000000011,0.6193181818181818,0.5568181818181818,-0.0625,0.48863636363636365,0.6477272727272727,0.75,0.4659090909090909,0.6944731404958677,0.5639204545454546
wav2vec2,0,Spanish->Spanish,linear_svm,0.76,0.76,0.0,0.76,0.76,0.0,0.74,0.76,0.78,0.76,0.7996,0.8172
wav2vec2,0,Spanish->Spanish,logistic_regression,0.73,0.7250000000000001,-0.004999999999999893,0.73,0.725,-0.0050000000000000044,0.72,0.68,0.74,0.77,0.7899999999999999,0.7937
wav2vec2,0,German->German,linear_svm,0.6818181818181819,0.7784090909090909,0.09659090909090906,0.6818181818181818,0.7784090909090909,0.09659090909090917,0.7045454545454546,0.8011363636363636,0.6590909090909091,0.7556818181818182,0.7454803719008264,0.8276084710743802
wav2vec2,0,German->German,logistic_regression,0.7102272727272727,0.7556818181818182,0.045454545454545525,0.7102272727272727,0.7556818181818182,0.045454545454545525,0.7159090909090909,0.7556818181818182,0.7045454545454546,0.7556818181818182,0.7428977272727273,0.8267368285123966
wav2vec2,0,Combined->Combined,linear_svm,0.7101449275362319,0.7481884057971014,0.03804347826086951,0.7101449275362319,0.7481884057971014,0.03804347826086951,0.7318840579710145,0.7318840579710145,0.6884057971014492,0.7644927536231884,0.7790380172232725,0.7948041377861794
wav2vec2,0,Combined->Combined,logistic_regression,0.7028985507246377,0.7481884057971014,0.04528985507246375,0.7028985507246377,0.7481884057971014,0.04528985507246375,0.7246376811594203,0.7246376811594203,0.6811594202898551,0.7717391304347826,0.7594517958412098,0.8085486242386054
wav2vec2,4,German->Spanish,linear_svm,0.52,0.51,-0.010000000000000009,0.52,0.51,-0.010000000000000009,0.08,0.2,0.96,0.82,0.6524,0.4872
wav2vec2,4,German->Spanish,logistic_regression,0.54,0.54,0.0,0.54,0.54,0.0,0.12,0.3,0.96,0.78,0.7016,0.5492
wav2vec2,4,Spanish->German,linear_svm,0.5909090909090909,0.5909090909090909,0.0,0.5909090909090909,0.5909090909090909,0.0,0.75,0.875,0.4318181818181818,0.3068181818181818,0.6171229338842976,0.6048553719008264
wav2vec2,4,Spanish->German,logistic_regression,0.6022727272727273,0.6022727272727273,0.0,0.6022727272727273,0.6022727272727273,0.0,0.7386363636363636,0.875,0.4659090909090909,0.32954545454545453,0.6269369834710743,0.6098915289256199
wav2vec2,4,Spanish->Spanish,linear_svm,0.8200000000000001,0.9,0.07999999999999996,0.82,0.9,0.08000000000000007,0.8,0.89,0.84,0.91,0.8858,0.9519
wav2vec2,4,Spanish->Spanish,logistic_regression,0.79,0.9099999999999999,0.11999999999999988,0.79,0.91,0.12,0.74,0.88,0.84,0.94,0.8727999999999999,0.9474
wav2vec2,4,German->German,linear_svm,0.7784090909090908,0.9034090909090908,0.125,0.7784090909090909,0.9034090909090909,0.125,0.75,0.9090909090909091,0.8068181818181818,0.8977272727272727,0.823411673553719,0.9401794938016529
wav2vec2,4,German->German,logistic_regression,0.8011363636363636,0.875,0.07386363636363635,0.8011363636363636,0.875,0.07386363636363635,0.7840909090909091,0.8693181818181818,0.8181818181818182,0.8806818181818182,0.8545971074380165,0.9357244318181818
wav2vec2,4,Combined->Combined,linear_svm,0.7681159420289856,0.8423913043478262,0.07427536231884058,0.7681159420289855,0.842391304347826,0.07427536231884058,0.782608695652174,0.8297101449275363,0.7536231884057971,0.855072463768116,0.8103339634530561,0.8914487502625499
wav2vec2,4,Combined->Combined,logistic_regression,0.7789855072463768,0.8297101449275363,0.050724637681159424,0.7789855072463768,0.8297101449275363,0.050724637681159424,0.782608695652174,0.8079710144927537,0.7753623188405797,0.8514492753623188,0.8283973955051459,0.8951375761394665
wav2vec2,8,German->Spanish,linear_svm,0.54,0.51,-0.030000000000000027,0.54,0.51,-0.030000000000000027,0.1,0.06,0.98,0.96,0.7316,0.6536
wav2vec2,8,German->Spanish,logistic_regression,0.63,0.63,0.0,0.63,0.63,0.0,0.42,0.42,0.84,0.84,0.7807999999999999,0.7432
wav2vec2,8,Spanish->German,linear_svm,0.5795454545454546,0.5170454545454546,-0.0625,0.5795454545454546,0.5170454545454546,-0.0625,0.8977272727272727,0.9431818181818182,0.26136363636363635,0.09090909090909091,0.637396694214876,0.6657412190082644
wav2vec2,8,Spanish->German,logistic_regression,0.5795454545454546,0.5227272727272727,-0.05681818181818188,0.5795454545454546,0.5227272727272727,-0.05681818181818188,0.8522727272727273,0.9318181818181818,0.3068181818181818,0.11363636363636363,0.6366219008264463,0.6814307851239669
wav2vec2,8,Spanish->Spanish,linear_svm,0.83,0.895,0.06500000000000006,0.83,0.895,0.06500000000000006,0.84,0.86,0.82,0.93,0.8383999999999999,0.94095
wav2vec2,8,Spanish->Spanish,logistic_regression,0.84,0.895,0.05500000000000005,0.84,0.895,0.05500000000000005,0.82,0.86,0.86,0.93,0.872,0.9375
wav2vec2,8,German->German,linear_svm,0.6988636363636364,0.8664772727272727,0.16761363636363635,0.6988636363636364,0.8664772727272727,0.16761363636363635,0.7272727272727273,0.8693181818181818,0.6704545454545454,0.8636363636363636,0.746900826446281,0.918775826446281
wav2vec2,8,German->German,logistic_regression,0.75,0.8409090909090909,0.09090909090909094,0.75,0.8409090909090909,0.09090909090909094,0.7613636363636364,0.8522727272727273,0.7386363636363636,0.8295454545454546,0.7851239669421488,0.8995028409090909
wav2vec2,8,Combined->Combined,linear_svm,0.7463768115942029,0.822463768115942,0.07608695652173914,0.7463768115942029,0.822463768115942,0.07608695652173914,0.7391304347826086,0.8152173913043478,0.7536231884057971,0.8297101449275363,0.798099138836379,0.8832046838899391
wav2vec2,8,Combined->Combined,logistic_regression,0.7681159420289856,0.8134057971014492,0.045289855072463636,0.7681159420289855,0.8134057971014492,0.04528985507246375,0.7608695652173914,0.8115942028985508,0.7753623188405797,0.8152173913043478,0.8230938878386894,0.8724532661205628
wav2vec2,11,German->Spanish,linear_svm,0.51,0.45999999999999996,-0.050000000000000044,0.51,0.46,-0.04999999999999999,0.86,0.82,0.16,0.1,0.6656,0.5903999999999999
wav2vec2,11,German->Spanish,logistic_regression,0.62,0.54,-0.07999999999999996,0.62,0.54,-0.07999999999999996,0.84,0.86,0.4,0.22,0.7356,0.6691999999999999
wav2vec2,11,Spanish->German,linear_svm,0.5738636363636364,0.5397727272727273,-0.03409090909090906,0.5738636363636364,0.5397727272727273,-0.03409090909090906,0.7954545454545454,0.9886363636363636,0.3522727272727273,0.09090909090909091,0.6229984504132231,0.6571539256198347
wav2vec2,11,Spanish->German,logistic_regression,0.5795454545454546,0.5454545454545454,-0.03409090909090917,0.5795454545454546,0.5454545454545454,-0.03409090909090917,0.7954545454545454,0.9772727272727273,0.36363636363636365,0.11363636363636363,0.6428202479338844,0.6744576446280992
wav2vec2,11,Spanish->Spanish,linear_svm,0.8,0.8500000000000001,0.050000000000000044,0.8,0.85,0.04999999999999993,0.76,0.81,0.84,0.89,0.8176000000000001,0.8952
wav2vec2,11,Spanish->Spanish,logistic_regression,0.78,0.8400000000000001,0.06000000000000005,0.78,0.84,0.05999999999999994,0.72,0.8,0.84,0.88,0.8168000000000001,0.8825000000000001
wav2vec2,11,German->German,linear_svm,0.7159090909090909,0.8295454545454546,0.11363636363636365,0.7159090909090909,0.8295454545454546,0.11363636363636365,0.7272727272727273,0.8409090909090909,0.7045454545454546,0.8181818181818182,0.7441890495867769,0.8855081353305785
wav2vec2,11,German->German,logistic_regression,0.75,0.8210227272727273,0.07102272727272729,0.75,0.8210227272727273,0.07102272727272729,0.7727272727272727,0.8409090909090909,0.7272727272727273,0.8011363636363636,0.8114669421487604,0.8864282024793388
wav2vec2,11,Combined->Combined,linear_svm,0.7355072463768115,0.822463768115942,0.08695652173913049,0.7355072463768116,0.822463768115942,0.08695652173913038,0.717391304347826,0.8007246376811594,0.7536231884057971,0.8442028985507246,0.818157950010502,0.8662439613526571
wav2vec2,11,Combined->Combined,logistic_regression,0.7789855072463768,0.8315217391304348,0.05253623188405798,0.7789855072463768,0.8315217391304348,0.05253623188405798,0.7608695652173914,0.8115942028985508,0.7971014492753623,0.8514492753623188,0.8327557235874816,0.8708385843310229
wavlm,0,German->Spanish,linear_svm,0.68,0.54,-0.14,0.68,0.54,-0.14,0.56,0.64,0.8,0.44,0.746,0.6072000000000001
wavlm,0,German->Spanish,logistic_regression,0.69,0.62,-0.06999999999999995,0.69,0.62,-0.06999999999999995,0.62,0.76,0.76,0.48,0.7487999999999999,0.6608
wavlm,0,Spanish->German,linear_svm,0.6420454545454546,0.5568181818181819,-0.08522727272727271,0.6420454545454546,0.5568181818181818,-0.08522727272727282,0.5113636363636364,0.625,0.7727272727272727,0.48863636363636365,0.7161027892561983,0.6038223140495866
wavlm,0,Spanish->German,logistic_regression,0.6477272727272727,0.5511363636363636,-0.09659090909090906,0.6477272727272727,0.5511363636363636,-0.09659090909090906,0.5454545454545454,0.7840909090909091,0.75,0.3181818181818182,0.7122933884297521,0.6157024793388429
wavlm,0,Spanish->Spanish,linear_svm,0.73,0.745,0.015000000000000013,0.73,0.745,0.015000000000000013,0.7,0.73,0.76,0.76,0.7805999999999998,0.78765
wavlm,0,Spanish->Spanish,logistic_regression,0.77,0.745,-0.025000000000000022,0.77,0.745,-0.025000000000000022,0.78,0.7,0.76,0.79,0.8048000000000001,0.7713
wavlm,0,German->German,linear_svm,0.6761363636363636,0.7727272727272727,0.09659090909090906,0.6761363636363636,0.7727272727272727,0.09659090909090906,0.6477272727272727,0.75,0.7045454545454546,0.7954545454545454,0.7567148760330579,0.8426200929752066
wavlm,0,German->German,logistic_regression,0.6988636363636364,0.7556818181818181,0.05681818181818177,0.6988636363636364,0.7556818181818182,0.05681818181818188,0.7159090909090909,0.7784090909090909,0.6818181818181818,0.7329545454545454,0.7667871900826446,0.8334839876033058
wavlm,0,Combined->Combined,linear_svm,0.7608695652173914,0.730072463768116,-0.030797101449275388,0.7608695652173914,0.730072463768116,-0.030797101449275388,0.8043478260869565,0.75,0.717391304347826,0.7101449275362319,0.7973639991598402,0.805358643142197
wavlm,0,Combined->Combined,logistic_regression,0.7246376811594203,0.7228260869565217,-0.0018115942028985588,0.7246376811594203,0.7228260869565217,-0.0018115942028985588,0.7318840579710145,0.7282608695652174,0.717391304347826,0.717391304347826,0.7629174543163201,0.7925199537912203
wavlm,4,German->Spanish,linear_svm,0.6699999999999999,0.63,-0.039999999999999925,0.67,0.63,-0.040000000000000036,0.7,0.78,0.64,0.48,0.6864,0.6489999999999999
wavlm,4,German->Spanish,logistic_regression,0.66,0.58,-0.08000000000000007,0.66,0.58,-0.08000000000000007,0.8,0.82,0.52,0.34,0.7040000000000001,0.6888000000000001
wavlm,4,Spanish->German,linear_svm,0.5170454545454546,0.5,-0.017045454545454586,0.5170454545454546,0.5,-0.017045454545454586,0.9772727272727273,0.9886363636363636,0.056818181818181816,0.011363636363636364,0.6574121900826446,0.6535382231404958
wavlm,4,Spanish->German,logistic_regression,0.5625,0.5,-0.0625,0.5625,0.5,-0.0625,0.9886363636363636,1.0,0.13636363636363635,0.0,0.6568956611570247,0.6616735537190083
wavlm,4,Spanish->Spanish,linear_svm,0.75,0.9099999999999999,0.15999999999999992,0.75,0.91,0.16000000000000003,0.68,0.88,0.82,0.94,0.8572,0.9402999999999999
wavlm,4,Spanish->Spanish,logistic_regression,0.78,0.8999999999999999,0.11999999999999988,0.78,0.9,0.12,0.68,0.84,0.88,0.96,0.8576,0.9360999999999998
wavlm,4,German->German,linear_svm,0.7386363636363636,0.8806818181818181,0.14204545454545447,0.7386363636363636,0.8806818181818182,0.14204545454545459,0.7272727272727273,0.8863636363636364,0.75,0.875,0.7953254132231405,0.9342071280991736
wavlm,4,German->German,logistic_regression,0.75,0.8778409090909092,0.12784090909090917,0.75,0.8778409090909091,0.12784090909090906,0.7613636363636364,0.8920454545454546,0.7386363636363636,0.8636363636363636,0.7931301652892562,0.9257166838842975
wavlm,4,Combined->Combined,linear_svm,0.7391304347826086,0.8496376811594203,0.11050724637681164,0.7391304347826086,0.8496376811594203,0.11050724637681164,0.717391304347826,0.8405797101449275,0.7608695652173914,0.8586956521739131,0.8019323671497585,0.9098994433942449
wavlm,4,Combined->Combined,logistic_regression,0.7391304347826086,0.8405797101449275,0.10144927536231885,0.7391304347826086,0.8405797101449275,0.10144927536231885,0.7463768115942029,0.8188405797101449,0.7318840579710145,0.8623188405797102,0.8147448015122872,0.902187040537702
wavlm,8,German->Spanish,linear_svm,0.55,0.49,-0.06000000000000005,0.55,0.49,-0.06000000000000005,0.72,0.5,0.38,0.48,0.582,0.48879999999999996
wavlm,8,German->Spanish,logistic_regression,0.63,0.62,-0.010000000000000009,0.63,0.62,-0.010000000000000009,0.8,0.62,0.46,0.62,0.7123999999999999,0.6556000000000001
wavlm,8,Spanish->German,linear_svm,0.625,0.5454545454545454,-0.07954545454545459,0.625,0.5454545454545454,-0.07954545454545459,0.9090909090909091,0.9545454545454546,0.3409090909090909,0.13636363636363635,0.6829803719008264,0.6824638429752067
wavlm,8,Spanish->German,logistic_regression,0.6534090909090908,0.6477272727272727,-0.005681818181818121,0.6534090909090909,0.6477272727272727,-0.005681818181818232,0.7840909090909091,0.9090909090909091,0.5227272727272727,0.38636363636363635,0.6896952479338843,0.709323347107438
wavlm,8,Spanish->Spanish,linear_svm,0.76,0.9099999999999999,0.1499999999999999,0.76,0.91,0.15000000000000002,0.72,0.86,0.8,0.96,0.8032,0.9650000000000001
wavlm,8,Spanish->Spanish,logistic_regression,0.75,0.895,0.14500000000000002,0.75,0.895,0.14500000000000002,0.7,0.82,0.8,0.97,0.8103999999999999,0.9588000000000001
wavlm,8,German->German,linear_svm,0.7443181818181819,0.9176136363636364,0.17329545454545447,0.7443181818181818,0.9176136363636364,0.17329545454545459,0.7272727272727273,0.9318181818181818,0.7613636363636364,0.9034090909090909,0.8228305785123967,0.9456030475206612
wavlm,8,German->German,logistic_regression,0.8181818181818182,0.9034090909090909,0.08522727272727271,0.8181818181818182,0.9034090909090909,0.08522727272727271,0.8181818181818182,0.9261363636363636,0.8181818181818182,0.8806818181818182,0.8747417355371901,0.9446668388429751
wavlm,8,Combined->Combined,linear_svm,0.7463768115942029,0.855072463768116,0.10869565217391308,0.7463768115942029,0.855072463768116,0.10869565217391308,0.7898550724637681,0.8586956521739131,0.7028985507246377,0.8514492753623188,0.8286599453896241,0.9195547153959253
wavlm,8,Combined->Combined,logistic_regression,0.786231884057971,0.8605072463768116,0.07427536231884069,0.7862318840579711,0.8605072463768116,0.07427536231884058,0.7971014492753623,0.8586956521739131,0.7753623188405797,0.8623188405797102,0.8539697542533081,0.9190952530980887
wavlm,11,German->Spanish,linear_svm,0.57,0.53,-0.039999999999999925,0.57,0.53,-0.039999999999999925,0.16,0.06,0.98,1.0,0.6458,0.5984
wavlm,11,German->Spanish,logistic_regression,0.67,0.61,-0.06000000000000005,0.67,0.61,-0.06000000000000005,0.46,0.26,0.88,0.96,0.7448,0.6968000000000001
wavlm,11,Spanish->German,linear_svm,0.6590909090909091,0.5056818181818182,-0.15340909090909083,0.6590909090909091,0.5056818181818182,-0.15340909090909083,0.9204545454545454,0.9772727272727273,0.3977272727272727,0.03409090909090909,0.7243026859504131,0.6565082644628097
wavlm,11,Spanish->German,logistic_regression,0.7386363636363636,0.5909090909090909,-0.1477272727272727,0.7386363636363636,0.5909090909090909,-0.1477272727272727,0.8181818181818182,0.9545454545454546,0.6590909090909091,0.22727272727272727,0.7589101239669422,0.7116477272727273
wavlm,11,Spanish->Spanish,linear_svm,0.77,0.9299999999999999,0.15999999999999992,0.77,0.93,0.16000000000000003,0.74,0.88,0.8,0.98,0.8488,0.9525
wavlm,11,Spanish->Spanish,logistic_regression,0.77,0.9199999999999999,0.1499999999999999,0.77,0.92,0.15000000000000002,0.7,0.87,0.84,0.97,0.8692,0.9560000000000001
wavlm,11,German->German,linear_svm,0.7329545454545454,0.90625,0.17329545454545459,0.7329545454545454,0.90625,0.17329545454545459,0.7386363636363636,0.9318181818181818,0.7272727272727273,0.8806818181818182,0.8113378099173554,0.9385330578512396
wavlm,11,German->German,logistic_regression,0.7670454545454546,0.9005681818181818,0.13352272727272718,0.7670454545454546,0.9005681818181818,0.13352272727272718,0.7840909090909091,0.9318181818181818,0.75,0.8693181818181818,0.8381973140495869,0.9384684917355371
wavlm,11,Combined->Combined,linear_svm,0.7608695652173914,0.8623188405797102,0.10144927536231885,0.7608695652173914,0.8623188405797102,0.10144927536231885,0.782608695652174,0.8695652173913043,0.7391304347826086,0.855072463768116,0.8469596723377442,0.9202767275782399
wavlm,11,Combined->Combined,logistic_regression,0.786231884057971,0.8786231884057971,0.09239130434782616,0.7862318840579711,0.8786231884057971,0.09239130434782605,0.7898550724637681,0.9057971014492754,0.782608695652174,0.8514492753623188,0.8438353287124553,0.9191215080865365
